sample	omicron_fraction	delta_fraction	omicron_fraction_in_replicate	delta_fraction_in_replicate
SRR17951439	0.746207539462797	0.256299139157614	0.773606744778153	0.21284549194528
SRR17951438	0.567137641293461	0.423986099513977	0.725119109774758	0.249101334996588
SRR18272230	0.276486767996885	0.753898723433415	0.302917767898903	0.628133333535433